<?xml version="1.0" encoding="utf-8"?>
<project>
	
	<meta title="asynchttp-example-simple" package="com.akifox.transform-example-simple" version="0.2" company="Akifox Studio" />
    <app main="Main" path="bin" file="transform-example-interactive" />

	<window fps="60" background="0x333333" />
	<window width="200" height="100" resizable="true" unless="mobile" />
	<window fullscreen="true" if="mobile" />
	<window orientation="landscape" />
	<window vsync="true" antialiasing="4" if="cpp" />
	<window hardware="true" allow-shaders="true" require-shaders="true" if="cpp"/>
	
	<source path="src" />
	
    <haxelib name="openfl" />
 	<haxelib name="akifox-asynchttp" />
	
	<assets path="assets/graphics" rename="graphics" include="*.png|*.jpg" />
	<assets path="assets/fonts" rename="fonts" include="*.ttf" /> 
	<icon path="assets/openfl.svg" />

	<ios deployment="6" binaries="armv7" devices="universal" />
	
</project>